idna_subject,checker_type,destination,tested_at
www.onlineloan-personal.net,AVAILABILITY,origin.list,2023-10-30 05:07:34.036900
news.nero-us.com,AVAILABILITY,origin.list,2023-10-30 05:07:34.592952
www.otherinbox.com,AVAILABILITY,origin.list,2023-10-30 05:07:34.661805
redhotfreebies.co.uk,AVAILABILITY,origin.list,2023-10-30 05:07:35.298461
www.nero-us.com,AVAILABILITY,origin.list,2023-10-30 05:07:35.301683
creditauthpagev3.info,AVAILABILITY,origin.list,2023-10-30 05:07:35.915977
www.defenderxtactical.com,AVAILABILITY,origin.list,2023-10-30 05:07:35.957253
www.fitnesshealthreporter.com,AVAILABILITY,origin.list,2023-10-30 05:07:36.571719
www.creditauthpagev3.info,AVAILABILITY,origin.list,2023-10-30 05:07:37.531283
www.gtradersoft.com,AVAILABILITY,origin.list,2023-10-30 05:07:38.438229
www.7minuteworkout.com,AVAILABILITY,origin.list,2023-10-30 05:07:39.105317
www.arklighting.co,AVAILABILITY,origin.list,2023-10-30 05:07:43.797042
www.tinaborg.com,AVAILABILITY,origin.list,2023-10-30 05:07:43.558936
www.playlott.com,AVAILABILITY,origin.list,2023-10-30 05:07:44.850537
www.novastarled.com,AVAILABILITY,origin.list,2023-10-30 05:07:49.790011
