subject,idna_subject,expiration_date,epoch,registrar
7minuteworkout.com,7minuteworkout.com,15-jan-2021,1610668800.0,
7minuteworkout.com,7minuteworkout.com,15-jan-2021,1610668800.0,
addshoppers.com,addshoppers.com,22-jun-2022,1655856000.0,
addshoppers.com,addshoppers.com,22-jun-2022,1655856000.0,
arklighting.co,arklighting.co,05-aug-2022,1659657600.0,
arklighting.co,arklighting.co,05-aug-2022,1659657600.0,
brandedleadgeneration.com,brandedleadgeneration.com,14-jun-2021,1623628800.0,
brandedleadgeneration.com,brandedleadgeneration.com,14-jun-2021,1623628800.0,
clicktshirtprinting.co.uk,clicktshirtprinting.co.uk,01-jul-2021,1625097600.0,
clicktshirtprinting.co.uk,clicktshirtprinting.co.uk,01-jul-2021,1625097600.0,
defenderxtactical.com,defenderxtactical.com,21-apr-2021,1618963200.0,
defenderxtactical.com,defenderxtactical.com,21-apr-2021,1618963200.0,
divisioncore.com,divisioncore.com,05-may-2026,1777939200.0,
divisioncore.com,divisioncore.com,05-may-2026,1777939200.0,
fitnesshealthreporter.com,fitnesshealthreporter.com,07-apr-2021,1617753600.0,
fitnesshealthreporter.com,fitnesshealthreporter.com,07-apr-2021,1617753600.0,
freeforums.org,freeforums.org,20-apr-2021,1618876800.0,
freeforums.org,freeforums.org,20-apr-2021,1618876800.0,
go2jump.org,go2jump.org,10-apr-2021,1618012800.0,
go2jump.org,go2jump.org,10-apr-2021,1618012800.0,
gtradersoft.com,gtradersoft.com,15-dec-2021,1639526400.0,
gtradersoft.com,gtradersoft.com,15-dec-2021,1639526400.0,
heartrevitalized.com,heartrevitalized.com,15-dec-2021,1639526400.0,
heartrevitalized.com,heartrevitalized.com,15-dec-2021,1639526400.0,
janeaustenjoy.com,janeaustenjoy.com,23-mar-2021,1616457600.0,
janeaustenjoy.com,janeaustenjoy.com,23-mar-2021,1616457600.0,
medtecchina.com,medtecchina.com,20-may-2021,1621468800.0,
medtecchina.com,medtecchina.com,20-may-2021,1621468800.0,
motoren.ru,motoren.ru,06-mar-2021,1614988800.0,
motoren.ru,motoren.ru,06-mar-2021,1614988800.0,
mydreamdegree.com,mydreamdegree.com,03-sep-2021,1630627200.0,
mydreamdegree.com,mydreamdegree.com,03-sep-2021,1630627200.0,
nero-us.com,nero-us.com,24-oct-2021,1635033600.0,
nero-us.com,nero-us.com,24-oct-2021,1635033600.0,
novastarled.com,novastarled.com,02-aug-2022,1659398400.0,
novastarled.com,novastarled.com,02-aug-2022,1659398400.0,
onlineloan-personal.net,onlineloan-personal.net,07-jun-2021,1623024000.0,
onlineloan-personal.net,onlineloan-personal.net,07-jun-2021,1623024000.0,
playlott.com,playlott.com,29-sep-2024,1727568000.0,
playlott.com,playlott.com,29-sep-2024,1727568000.0,
profitsitesbiz.com,profitsitesbiz.com,28-mar-2021,1616889600.0,
profitsitesbiz.com,profitsitesbiz.com,28-mar-2021,1616889600.0,
securesignupoffers.org,securesignupoffers.org,06-aug-2021,1628208000.0,
securesignupoffers.org,securesignupoffers.org,06-aug-2021,1628208000.0,
stsoftware.biz,stsoftware.biz,27-feb-2021,1614384000.0,
stsoftware.biz,stsoftware.biz,27-feb-2021,1614384000.0,
tinaborg.com,tinaborg.com,10-dec-2021,1639094400.0,
tinaborg.com,tinaborg.com,10-dec-2021,1639094400.0,
unionleisurewear.com,unionleisurewear.com,20-jan-2021,1611100800.0,
unionleisurewear.com,unionleisurewear.com,20-jan-2021,1611100800.0,
vntanktransport.com,vntanktransport.com,05-mar-2021,1614902400.0,
vntanktransport.com,vntanktransport.com,05-mar-2021,1614902400.0,
vydoxtrial.com,vydoxtrial.com,29-may-2021,1622246400.0,
vydoxtrial.com,vydoxtrial.com,29-may-2021,1622246400.0,
otherinbox.com,otherinbox.com,11-jan-2022,1641859200.0,
otherinbox.com,otherinbox.com,11-jan-2022,1641859200.0,
thedatingconference.com,thedatingconference.com,26-apr-2022,1650931200.0,
thedatingconference.com,thedatingconference.com,26-apr-2022,1650931200.0,
